{
    "packages": [
        {
            "name": "ezyang/htmlpurifier",
            "version": "v4.16.0",
            "version_normalized": "4.16.0.0",
            "source": {
                "type": "git",
                "url": "https://github.com/ezyang/htmlpurifier.git",
                "reference": "523407fb06eb9e5f3d59889b3978d5bfe94299c8"
            },
            "dist": {
                "type": "zip",
                "url": "https://api.github.com/repos/ezyang/htmlpurifier/zipball/523407fb06eb9e5f3d59889b3978d5bfe94299c8",
                "reference": "523407fb06eb9e5f3d59889b3978d5bfe94299c8",
                "shasum": ""
            },
            "require": {
                "php": "~5.6.0 || ~7.0.0 || ~7.1.0 || ~7.2.0 || ~7.3.0 || ~7.4.0 || ~8.0.0 || ~8.1.0 || ~8.2.0"
            },
            "require-dev": {
                "cerdic/css-tidy": "^1.7 || ^2.0",
                "simpletest/simpletest": "dev-master"
            },
            "suggest": {
                "cerdic/css-tidy": "If you want to use the filter 'Filter.ExtractStyleBlocks'.",
                "ext-bcmath": "Used for unit conversion and imagecrash protection",
                "ext-iconv": "Converts text to and from non-UTF-8 encodings",
                "ext-tidy": "Used for pretty-printing HTML"
            },
            "time": "2022-09-18T07:06:19+00:00",
            "type": "library",
            "installation-source": "dist",
            "autoload": {
                "files": [
                    "library/HTMLPurifier.composer.php"
                ],
                "psr-0": {
                    "HTMLPurifier": "library/"
                },
                "exclude-from-classmap": [
                    "/library/HTMLPurifier/Language/"
                ]
            },
            "notification-url": "https://packagist.org/downloads/",
            "license": [
                "LGPL-2.1-or-later"
            ],
            "authors": [
                {
                    "name": "Edward Z. Yang",
                    "email": "admin@htmlpurifier.org",
                    "homepage": "http://ezyang.com"
                }
            ],
            "description": "Standards compliant HTML filter written in PHP",
            "homepage": "http://htmlpurifier.org/",
            "keywords": [
                "html"
            ],
            "support": {
                "issues": "https://github.com/ezyang/htmlpurifier/issues",
                "source": "https://github.com/ezyang/htmlpurifier/tree/v4.16.0"
            },
            "install-path": "../ezyang/htmlpurifier"
        },
        {
            "name": "maennchen/zipstream-php",
            "version": "2.4.0",
            "version_normalized": "2.4.0.0",
            "source": {
                "type": "git",
                "url": "https://github.com/maennchen/ZipStream-PHP.git",
                "reference": "3fa72e4c71a43f9e9118752a5c90e476a8dc9eb3"
            },
            "dist": {
                "type": "zip",
                "url": "https://api.github.com/repos/maennchen/ZipStream-PHP/zipball/3fa72e4c71a43f9e9118752a5c90e476a8dc9eb3",
                "reference": "3fa72e4c71a43f9e9118752a5c90e476a8dc9eb3",
                "shasum": ""
            },
            "require": {
                "ext-mbstring": "*",
                "myclabs/php-enum": "^1.5",
                "php": "^8.0",
                "psr/http-message": "^1.0"
            },
            "require-dev": {
                "ext-zip": "*",
                "friendsofphp/php-cs-fixer": "^3.9",
                "guzzlehttp/guzzle": "^6.5.3 || ^7.2.0",
                "mikey179/vfsstream": "^1.6",
                "php-coveralls/php-coveralls": "^2.4",
                "phpunit/phpunit": "^8.5.8 || ^9.4.2",
                "vimeo/psalm": "^5.0"
            },
            "time": "2022-12-08T12:29:14+00:00",
            "type": "library",
            "installation-source": "dist",
            "autoload": {
                "psr-4": {
                    "ZipStream\\": "src/"
                }
            },
            "notification-url": "https://packagist.org/downloads/",
            "license": [
                "MIT"
            ],
            "authors": [
                {
                    "name": "Paul Duncan",
                    "email": "pabs@pablotron.org"
                },
                {
                    "name": "Jonatan Männchen",
                    "email": "jonatan@maennchen.ch"
                },
                {
                    "name": "Jesse Donat",
                    "email": "donatj@gmail.com"
                },
                {
                    "name": "András Kolesár",
                    "email": "kolesar@kolesar.hu"
                }
            ],
            "description": "ZipStream is a library for dynamically streaming dynamic zip files from PHP without writing to the disk at all on the server.",
            "keywords": [
                "stream",
                "zip"
            ],
            "support": {
                "issues": "https://github.com/maennchen/ZipStream-PHP/issues",
                "source": "https://github.com/maennchen/ZipStream-PHP/tree/2.4.0"
            },
            "funding": [
                {
                    "url": "https://github.com/maennchen",
                    "type": "github"
                },
                {
                    "url": "https://opencollective.com/zipstream",
                    "type": "open_collective"
                }
            ],
            "install-path": "../maennchen/zipstream-php"
        },
        {
            "name": "markbaker/complex",
            "version": "2.0.3",
            "version_normalized": "2.0.3.0",
            "source": {
                "type": "git",
                "url": "https://github.com/MarkBaker/PHPComplex.git",
                "reference": "6f724d7e04606fd8adaa4e3bb381c3e9db09c946"
            },
            "dist": {
                "type": "zip",
                "url": "https://api.github.com/repos/MarkBaker/PHPComplex/zipball/6f724d7e04606fd8adaa4e3bb381c3e9db09c946",
                "reference": "6f724d7e04606fd8adaa4e3bb381c3e9db09c946",
                "shasum": ""
            },
            "require": {
                "php": "^7.2 || ^8.0"
            },
            "require-dev": {
                "dealerdirect/phpcodesniffer-composer-installer": "^0.7.0",
                "phpcompatibility/php-compatibility": "^9.0",
                "phpunit/phpunit": "^7.0 || ^8.0 || ^9.3",
                "squizlabs/php_codesniffer": "^3.4"
            },
            "time": "2021-06-02T09:44:11+00:00",
            "type": "library",
            "installation-source": "dist",
            "autoload": {
                "files": [
                    "classes/src/functions/abs.php",
                    "classes/src/functions/acos.php",
                    "classes/src/functions/acosh.php",
                    "classes/src/functions/acot.php",
                    "classes/src/functions/acoth.php",
                    "classes/src/functions/acsc.php",
                    "classes/src/functions/acsch.php",
                    "classes/src/functions/argument.php",
                    "classes/src/functions/asec.php",
                    "classes/src/functions/asech.php",
                    "classes/src/functions/asin.php",
                    "classes/src/functions/asinh.php",
                    "classes/src/functions/atan.php",
                    "classes/src/functions/atanh.php",
                    "classes/src/functions/conjugate.php",
                    "classes/src/functions/cos.php",
                    "classes/src/functions/cosh.php",
                    "classes/src/functions/cot.php",
                    "classes/src/functions/coth.php",
                    "classes/src/functions/csc.php",
                    "classes/src/functions/csch.php",
                    "classes/src/functions/exp.php",
                    "classes/src/functions/inverse.php",
                    "classes/src/functions/ln.php",
                    "classes/src/functions/log2.php",
                    "classes/src/functions/log10.php",
                    "classes/src/functions/negative.php",
                    "classes/src/functions/pow.php",
                    "classes/src/functions/rho.php",
                    "classes/src/functions/sec.php",
                    "classes/src/functions/sech.php",
                    "classes/src/functions/sin.php",
                    "classes/src/functions/sinh.php",
                    "classes/src/functions/sqrt.php",
                    "classes/src/functions/tan.php",
                    "classes/src/functions/tanh.php",
                    "classes/src/functions/theta.php",
                    "classes/src/operations/add.php",
                    "classes/src/operations/subtract.php",
                    "classes/src/operations/multiply.php",
                    "classes/src/operations/divideby.php",
                    "classes/src/operations/divideinto.php"
                ],
                "psr-4": {
                    "Complex\\": "classes/src/"
                }
            },
            "notification-url": "https://packagist.org/downloads/",
            "license": [
                "MIT"
            ],
            "authors": [
                {
                    "name": "Mark Baker",
                    "email": "mark@lange.demon.co.uk"
                }
            ],
            "description": "PHP Class for working with complex numbers",
            "homepage": "https://github.com/MarkBaker/PHPComplex",
            "keywords": [
                "complex",
                "mathematics"
            ],
            "support": {
                "issues": "https://github.com/MarkBaker/PHPComplex/issues",
                "source": "https://github.com/MarkBaker/PHPComplex/tree/2.0.3"
            },
            "install-path": "../markbaker/complex"
        },
        {
            "name": "markbaker/matrix",
            "version": "2.1.4",
            "version_normalized": "2.1.4.0",
            "source": {
                "type": "git",
                "url": "https://github.com/MarkBaker/PHPMatrix.git",
                "reference": "469e937dc91aa087e43b21a5266cb7567f482f3e"
            },
            "dist": {
                "type": "zip",
                "url": "https://api.github.com/repos/MarkBaker/PHPMatrix/zipball/469e937dc91aa087e43b21a5266cb7567f482f3e",
                "reference": "469e937dc91aa087e43b21a5266cb7567f482f3e",
                "shasum": ""
            },
            "require": {
                "php": "^7.1 || ^8.0"
            },
            "require-dev": {
                "dealerdirect/phpcodesniffer-composer-installer": "dev-master",
                "phpcompatibility/php-compatibility": "^9.3",
                "phpdocumentor/phpdocumentor": "2.*",
                "phploc/phploc": "^4.0",
                "phpmd/phpmd": "2.*",
                "phpunit/phpunit": "^7.0 || ^8.0 || ^9.0",
                "sebastian/phpcpd": "^4.0",
                "squizlabs/php_codesniffer": "^3.7"
            },
            "time": "2022-12-02T22:51:35+00:00",
            "type": "library",
            "installation-source": "dist",
            "autoload": {
                "files": [
                    "classes/src/Functions/adjoint.php",
                    "classes/src/Functions/antidiagonal.php",
                    "classes/src/Functions/cofactors.php",
                    "classes/src/Functions/determinant.php",
                    "classes/src/Functions/diagonal.php",
                    "classes/src/Functions/identity.php",
                    "classes/src/Functions/inverse.php",
                    "classes/src/Functions/minors.php",
                    "classes/src/Functions/trace.php",
                    "classes/src/Functions/transpose.php",
                    "classes/src/Operations/add.php",
                    "classes/src/Operations/directsum.php",
                    "classes/src/Operations/subtract.php",
                    "classes/src/Operations/multiply.php",
                    "classes/src/Operations/divideby.php",
                    "classes/src/Operations/divideinto.php"
                ],
                "psr-4": {
                    "Matrix\\": "classes/src/"
                }
            },
            "notification-url": "https://packagist.org/downloads/",
            "license": [
                "MIT"
            ],
            "authors": [
                {
                    "name": "Mark Baker",
                    "email": "mark@demon-angel.eu"
                }
            ],
            "description": "PHP Class for working with matrices",
            "homepage": "https://github.com/MarkBaker/PHPMatrix",
            "keywords": [
                "mathematics",
                "matrix",
                "vector"
            ],
            "support": {
                "issues": "https://github.com/MarkBaker/PHPMatrix/issues",
                "source": "https://github.com/MarkBaker/PHPMatrix/tree/2.1.4"
            },
            "install-path": "../markbaker/matrix"
        },
        {
            "name": "myclabs/php-enum",
            "version": "1.8.4",
            "version_normalized": "1.8.4.0",
            "source": {
                "type": "git",
                "url": "https://github.com/myclabs/php-enum.git",
                "reference": "a867478eae49c9f59ece437ae7f9506bfaa27483"
            },
            "dist": {
                "type": "zip",
                "url": "https://api.github.com/repos/myclabs/php-enum/zipball/a867478eae49c9f59ece437ae7f9506bfaa27483",
                "reference": "a867478eae49c9f59ece437ae7f9506bfaa27483",
                "shasum": ""
            },
            "require": {
                "ext-json": "*",
                "php": "^7.3 || ^8.0"
            },
            "require-dev": {
                "phpunit/phpunit": "^9.5",
                "squizlabs/php_codesniffer": "1.*",
                "vimeo/psalm": "^4.6.2"
            },
            "time": "2022-08-04T09:53:51+00:00",
            "type": "library",
            "installation-source": "dist",
            "autoload": {
                "psr-4": {
                    "MyCLabs\\Enum\\": "src/"
                },
                "classmap": [
                    "stubs/Stringable.php"
                ]
            },
            "notification-url": "https://packagist.org/downloads/",
            "license": [
                "MIT"
            ],
            "authors": [
                {
                    "name": "PHP Enum contributors",
                    "homepage": "https://github.com/myclabs/php-enum/graphs/contributors"
                }
            ],
            "description": "PHP Enum implementation",
            "homepage": "http://github.com/myclabs/php-enum",
            "keywords": [
                "enum"
            ],
            "support": {
                "issues": "https://github.com/myclabs/php-enum/issues",
                "source": "https://github.com/myclabs/php-enum/tree/1.8.4"
            },
            "funding": [
                {
                    "url": "https://github.com/mnapoli",
                    "type": "github"
                },
                {
                    "url": "https://tidelift.com/funding/github/packagist/myclabs/php-enum",
                    "type": "tidelift"
                }
            ],
            "install-path": "../myclabs/php-enum"
        },
        {
            "name": "phpoffice/phpspreadsheet",
            "version": "1.16.0",
            "version_normalized": "1.16.0.0",
            "source": {
                "type": "git",
                "url": "https://github.com/PHPOffice/PhpSpreadsheet.git",
                "reference": "76d4323b85129d0c368149c831a07a3e258b2b50"
            },
            "dist": {
                "type": "zip",
                "url": "https://api.github.com/repos/PHPOffice/PhpSpreadsheet/zipball/76d4323b85129d0c368149c831a07a3e258b2b50",
                "reference": "76d4323b85129d0c368149c831a07a3e258b2b50",
                "shasum": ""
            },
            "require": {
                "ext-ctype": "*",
                "ext-dom": "*",
                "ext-fileinfo": "*",
                "ext-gd": "*",
                "ext-iconv": "*",
                "ext-libxml": "*",
                "ext-mbstring": "*",
                "ext-simplexml": "*",
                "ext-xml": "*",
                "ext-xmlreader": "*",
                "ext-xmlwriter": "*",
                "ext-zip": "*",
                "ext-zlib": "*",
                "ezyang/htmlpurifier": "^4.13",
                "maennchen/zipstream-php": "^2.1",
                "markbaker/complex": "^1.5||^2.0",
                "markbaker/matrix": "^1.2||^2.0",
                "php": "^7.2||^8.0",
                "psr/http-client": "^1.0",
                "psr/http-factory": "^1.0",
                "psr/simple-cache": "^1.0"
            },
            "require-dev": {
                "dompdf/dompdf": "^0.8.5",
                "friendsofphp/php-cs-fixer": "^2.16",
                "jpgraph/jpgraph": "^4.0",
                "mpdf/mpdf": "^8.0",
                "phpcompatibility/php-compatibility": "^9.3",
                "phpunit/phpunit": "^8.5||^9.3",
                "squizlabs/php_codesniffer": "^3.5",
                "tecnickcom/tcpdf": "^6.3"
            },
            "suggest": {
                "dompdf/dompdf": "Option for rendering PDF with PDF Writer (doesn't yet support PHP8)",
                "jpgraph/jpgraph": "Option for rendering charts, or including charts with PDF or HTML Writers",
                "mpdf/mpdf": "Option for rendering PDF with PDF Writer",
                "tecnickcom/tcpdf": "Option for rendering PDF with PDF Writer (doesn't yet support PHP8)"
            },
            "time": "2020-12-31T18:03:49+00:00",
            "type": "library",
            "installation-source": "dist",
            "autoload": {
                "psr-4": {
                    "PhpOffice\\PhpSpreadsheet\\": "src/PhpSpreadsheet"
                }
            },
            "notification-url": "https://packagist.org/downloads/",
            "license": [
                "MIT"
            ],
            "authors": [
                {
                    "name": "Maarten Balliauw",
                    "homepage": "https://blog.maartenballiauw.be"
                },
                {
                    "name": "Mark Baker",
                    "homepage": "https://markbakeruk.net"
                },
                {
                    "name": "Franck Lefevre",
                    "homepage": "https://rootslabs.net"
                },
                {
                    "name": "Erik Tilt"
                },
                {
                    "name": "Adrien Crivelli"
                }
            ],
            "description": "PHPSpreadsheet - Read, Create and Write Spreadsheet documents in PHP - Spreadsheet engine",
            "homepage": "https://github.com/PHPOffice/PhpSpreadsheet",
            "keywords": [
                "OpenXML",
                "excel",
                "gnumeric",
                "ods",
                "php",
                "spreadsheet",
                "xls",
                "xlsx"
            ],
            "support": {
                "issues": "https://github.com/PHPOffice/PhpSpreadsheet/issues",
                "source": "https://github.com/PHPOffice/PhpSpreadsheet/tree/1.16.0"
            },
            "install-path": "../phpoffice/phpspreadsheet"
        },
        {
            "name": "psr/http-client",
            "version": "1.0.2",
            "version_normalized": "1.0.2.0",
            "source": {
                "type": "git",
                "url": "https://github.com/php-fig/http-client.git",
                "reference": "0955afe48220520692d2d09f7ab7e0f93ffd6a31"
            },
            "dist": {
                "type": "zip",
                "url": "https://api.github.com/repos/php-fig/http-client/zipball/0955afe48220520692d2d09f7ab7e0f93ffd6a31",
                "reference": "0955afe48220520692d2d09f7ab7e0f93ffd6a31",
                "shasum": ""
            },
            "require": {
                "php": "^7.0 || ^8.0",
                "psr/http-message": "^1.0 || ^2.0"
            },
            "time": "2023-04-10T20:12:12+00:00",
            "type": "library",
            "extra": {
                "branch-alias": {
                    "dev-master": "1.0.x-dev"
                }
            },
            "installation-source": "dist",
            "autoload": {
                "psr-4": {
                    "Psr\\Http\\Client\\": "src/"
                }
            },
            "notification-url": "https://packagist.org/downloads/",
            "license": [
                "MIT"
            ],
            "authors": [
                {
                    "name": "PHP-FIG",
                    "homepage": "https://www.php-fig.org/"
                }
            ],
            "description": "Common interface for HTTP clients",
            "homepage": "https://github.com/php-fig/http-client",
            "keywords": [
                "http",
                "http-client",
                "psr",
                "psr-18"
            ],
            "support": {
                "source": "https://github.com/php-fig/http-client/tree/1.0.2"
            },
            "install-path": "../psr/http-client"
        },
        {
            "name": "psr/http-factory",
            "version": "1.0.2",
            "version_normalized": "1.0.2.0",
            "source": {
                "type": "git",
                "url": "https://github.com/php-fig/http-factory.git",
                "reference": "e616d01114759c4c489f93b099585439f795fe35"
            },
            "dist": {
                "type": "zip",
                "url": "https://api.github.com/repos/php-fig/http-factory/zipball/e616d01114759c4c489f93b099585439f795fe35",
                "reference": "e616d01114759c4c489f93b099585439f795fe35",
                "shasum": ""
            },
            "require": {
                "php": ">=7.0.0",
                "psr/http-message": "^1.0 || ^2.0"
            },
            "time": "2023-04-10T20:10:41+00:00",
            "type": "library",
            "extra": {
                "branch-alias": {
                    "dev-master": "1.0.x-dev"
                }
            },
            "installation-source": "dist",
            "autoload": {
                "psr-4": {
                    "Psr\\Http\\Message\\": "src/"
                }
            },
            "notification-url": "https://packagist.org/downloads/",
            "license": [
                "MIT"
            ],
            "authors": [
                {
                    "name": "PHP-FIG",
                    "homepage": "https://www.php-fig.org/"
                }
            ],
            "description": "Common interfaces for PSR-7 HTTP message factories",
            "keywords": [
                "factory",
                "http",
                "message",
                "psr",
                "psr-17",
                "psr-7",
                "request",
                "response"
            ],
            "support": {
                "source": "https://github.com/php-fig/http-factory/tree/1.0.2"
            },
            "install-path": "../psr/http-factory"
        },
        {
            "name": "psr/http-message",
            "version": "1.1",
            "version_normalized": "1.1.0.0",
            "source": {
                "type": "git",
                "url": "https://github.com/php-fig/http-message.git",
                "reference": "cb6ce4845ce34a8ad9e68117c10ee90a29919eba"
            },
            "dist": {
                "type": "zip",
                "url": "https://api.github.com/repos/php-fig/http-message/zipball/cb6ce4845ce34a8ad9e68117c10ee90a29919eba",
                "reference": "cb6ce4845ce34a8ad9e68117c10ee90a29919eba",
                "shasum": ""
            },
            "require": {
                "php": "^7.2 || ^8.0"
            },
            "time": "2023-04-04T09:50:52+00:00",
            "type": "library",
            "extra": {
                "branch-alias": {
                    "dev-master": "1.1.x-dev"
                }
            },
            "installation-source": "dist",
            "autoload": {
                "psr-4": {
                    "Psr\\Http\\Message\\": "src/"
                }
            },
            "notification-url": "https://packagist.org/downloads/",
            "license": [
                "MIT"
            ],
            "authors": [
                {
                    "name": "PHP-FIG",
                    "homepage": "http://www.php-fig.org/"
                }
            ],
            "description": "Common interface for HTTP messages",
            "homepage": "https://github.com/php-fig/http-message",
            "keywords": [
                "http",
                "http-message",
                "psr",
                "psr-7",
                "request",
                "response"
            ],
            "support": {
                "source": "https://github.com/php-fig/http-message/tree/1.1"
            },
            "install-path": "../psr/http-message"
        },
        {
            "name": "psr/simple-cache",
            "version": "1.0.1",
            "version_normalized": "1.0.1.0",
            "source": {
                "type": "git",
                "url": "https://github.com/php-fig/simple-cache.git",
                "reference": "408d5eafb83c57f6365a3ca330ff23aa4a5fa39b"
            },
            "dist": {
                "type": "zip",
                "url": "https://api.github.com/repos/php-fig/simple-cache/zipball/408d5eafb83c57f6365a3ca330ff23aa4a5fa39b",
                "reference": "408d5eafb83c57f6365a3ca330ff23aa4a5fa39b",
                "shasum": ""
            },
            "require": {
                "php": ">=5.3.0"
            },
            "time": "2017-10-23T01:57:42+00:00",
            "type": "library",
            "extra": {
                "branch-alias": {
                    "dev-master": "1.0.x-dev"
                }
            },
            "installation-source": "dist",
            "autoload": {
                "psr-4": {
                    "Psr\\SimpleCache\\": "src/"
                }
            },
            "notification-url": "https://packagist.org/downloads/",
            "license": [
                "MIT"
            ],
            "authors": [
                {
                    "name": "PHP-FIG",
                    "homepage": "http://www.php-fig.org/"
                }
            ],
            "description": "Common interfaces for simple caching",
            "keywords": [
                "cache",
                "caching",
                "psr",
                "psr-16",
                "simple-cache"
            ],
            "support": {
                "source": "https://github.com/php-fig/simple-cache/tree/master"
            },
            "install-path": "../psr/simple-cache"
        }
    ],
    "dev": true,
    "dev-package-names": []
}
